"","pid","treat","treat_drop","age_pre","migration_pre","language_pre","gender_pre","wv_cor_t_pre","wv_speed_t_pre","wv_sum_done_pre","wv_sum_score_pre","sv_cor_t_pre","sv_speed_t_pre","sv_sum_done_pre","sv_sum_score_pre","tv_cor_t_pre","tv_speed_t_pre","tv_sum_done_pre","tv_sum_score_pre","elfe_pre","ges_invalid_pre","age_post","migration_post","language_post","gender_post","wv_cor_t_post","wv_speed_t_post","wv_sum_done_post","wv_sum_score_post","sv_cor_t_post","sv_speed_t_post","sv_sum_done_post","sv_sum_score_post","tv_cor_t_post","tv_speed_t_post","tv_sum_done_post","tv_sum_score_post","elfe_post","ges_invalid_post","klassenstufe"
"1","a101",0,0,8,1,1,2,49,48,38,38,59,58,22,22,46,52,15,8,51,0,8,1,1,2,60,59,57,57,58,57,26,26,46,59,22,11,55,0,3
"2","a102",1,1,8,1,1,2,37,36,25,24,31,29,5,5,33,25,4,3,32,0,NA,NA,NA,NA,NA,NA,NA,NA,NA,NA,NA,NA,NA,NA,NA,NA,NA,NA,3
"3","a103",0,0,8,1,1,2,55,54,44,44,59,58,22,22,48,55,17,9,54,0,9,1,1,2,52,51,48,48,60,59,27,27,42,52,18,9,51,0,3
"4","a104",0,0,8,3,3,2,42,41,30,30,48,46,15,15,41,44,10,6,43,0,9,3,2,2,46,45,41,41,48,47,20,20,42,50,17,9,45,0,3
"5","a105",1,0,8,3,2,2,40,41,30,28,35,34,8,7,33,35,6,3,34,0,9,3,2,2,44,45,41,39,34,34,11,10,32,38,10,4,35,0,3
"6","a106",0,0,8,1,1,2,45,44,33,33,45,43,13,13,41,44,10,6,43,0,8,1,1,2,50,50,46,46,48,47,20,20,40,47,15,8,45,0,3
"7","a107",0,0,8,1,1,1,49,48,38,38,54,53,19,19,43,47,12,7,48,0,9,1,1,1,54,54,51,51,53,52,23,23,40,52,18,8,49,0,3
"8","a108",1,0,8,3,2,1,41,41,30,29,41,39,11,11,39,42,9,5,39,0,9,3,2,1,42,41,36,36,39,38,14,14,29,38,10,3,35,0,3
"9","a109",0,0,8,2,1,1,55,55,45,45,56,54,20,20,43,47,12,7,51,0,9,1,1,1,53,52,49,49,58,57,26,26,40,45,14,8,50,0,3
"10","a110",0,0,8,1,1,2,53,52,42,42,59,58,22,22,48,57,18,9,54,0,9,1,1,2,48,48,44,44,60,59,27,27,46,59,22,11,51,0,3
"11","a111",0,0,8,1,1,2,53,52,42,42,56,58,22,20,43,51,14,7,51,0,9,1,1,2,62,62,60,60,58,57,26,26,46,57,21,11,56,0,3
"12","a112",0,0,8,3,3,1,47,47,36,35,54,53,19,19,41,47,12,6,47,0,9,3,3,1,53,52,49,49,47,45,19,19,40,50,17,8,46,0,3
"13","a113",0,1,8,3,2,1,46,47,36,34,58,56,21,21,41,52,15,6,48,0,NA,NA,NA,NA,NA,NA,NA,NA,NA,NA,NA,NA,NA,NA,NA,NA,NA,NA,3
"14","a114",0,0,8,3,2,1,49,49,39,38,54,53,19,19,41,42,9,6,48,0,8,3,2,1,51,51,48,47,53,52,23,23,40,52,18,8,48,0,3
"15","a115",0,1,9,2,2,2,56,56,47,46,43,43,13,12,33,38,7,3,43,0,NA,NA,NA,NA,NA,NA,NA,NA,NA,NA,NA,NA,NA,NA,NA,NA,NA,NA,3
"16","a116",0,0,8,2,1,1,52,51,41,41,54,54,20,19,41,49,13,6,49,0,NA,NA,NA,NA,NA,NA,NA,NA,NA,NA,NA,NA,NA,NA,NA,NA,NA,NA,3
"17","a117",1,1,NA,NA,NA,NA,NA,NA,NA,NA,NA,NA,NA,NA,NA,NA,NA,NA,NA,NA,9,3,2,1,47,46,42,42,44,45,19,17,40,42,12,8,43,0,3
"18","a201",1,0,8,3,1,1,47,47,36,35,40,38,10,10,43,42,9,7,42,0,9,3,2,1,49,51,48,45,48,47,20,20,38,47,15,7,44,0,3
"19","a202",1,0,9,3,2,1,37,35,24,24,36,34,8,8,36,35,6,4,35,0,9,3,2,1,42,43,38,36,42,41,16,16,42,45,14,9,41,0,3
"20","a203",0,0,9,2,2,2,50,52,42,39,46,48,16,14,46,52,15,8,47,0,10,2,2,2,50,51,48,46,45,45,19,18,25,25,0,0,39,1,3
"21","a204",0,0,8,2,2,1,53,52,42,42,51,51,18,17,39,40,8,5,47,0,9,2,2,1,57,56,54,54,53,52,23,23,40,52,18,8,50,0,3
"22","a205",0,0,8,1,1,2,42,43,32,30,40,39,11,10,39,42,9,5,39,0,9,1,2,2,50,50,47,46,44,44,18,17,42,49,16,9,45,0,3
"23","a206",0,0,8,2,2,4,54,53,43,43,49,48,16,16,43,51,14,7,48,0,9,2,2,2,55,55,52,52,52,50,22,22,42,50,17,9,50,0,3
"24","a207",0,0,9,1,1,2,52,53,43,41,49,50,17,16,43,49,13,7,48,0,9,1,1,2,60,62,60,58,66,64,30,30,44,59,22,10,57,0,3
"25","a208",0,0,8,3,2,2,57,57,48,47,51,51,18,17,46,49,13,8,51,0,9,3,2,2,58,57,55,55,42,44,18,16,42,52,18,9,47,0,3
"26","a209",0,0,8,3,2,1,56,56,46,46,58,56,21,21,48,55,17,9,54,0,9,3,1,1,52,51,48,48,60,59,27,27,46,59,22,11,53,0,3
"27","a210",0,0,9,3,2,1,58,57,48,48,59,58,22,22,41,51,14,6,53,0,9,3,2,1,63,64,63,61,64,64,30,29,50,63,24,13,60,0,3
"28","a211",0,0,8,1,1,2,51,51,41,40,59,59,23,22,46,54,16,8,52,0,9,1,1,2,56,56,53,53,57,57,26,25,36,42,12,6,50,0,3
"29","a212",0,0,9,3,2,1,52,52,42,41,46,46,15,14,43,46,11,7,47,0,10,3,2,1,50,50,46,46,57,55,25,25,46,52,18,11,51,0,3
"30","a213",0,0,8,3,2,1,52,52,42,41,49,48,16,16,41,46,11,6,47,0,9,3,2,4,52,51,48,48,48,47,20,20,40,47,15,8,46,0,3
"31","a214",1,0,8,3,2,2,48,47,36,36,49,48,16,16,43,47,12,7,46,0,8,3,2,2,43,42,37,37,55,54,24,24,42,52,18,9,46,0,3
"32","a215",1,0,10,2,3,1,59,60,51,49,61,59,23,23,46,57,18,8,56,0,10,3,3,1,59,59,57,56,60,61,28,27,46,61,23,11,56,0,3
"33","a216",1,1,NA,NA,NA,NA,NA,NA,NA,NA,NA,NA,NA,NA,NA,NA,NA,NA,NA,NA,8,3,2,1,45,44,40,40,45,45,19,18,44,50,17,10,44,0,3
"34","b101",0,0,8,1,1,1,44,43,32,32,41,39,11,11,36,38,7,4,39,0,9,1,1,4,42,41,36,36,39,38,14,14,34,33,8,5,37,0,3
"35","b102",0,1,8,1,1,2,56,57,48,46,56,54,20,20,41,44,10,6,51,0,NA,NA,NA,NA,NA,NA,NA,NA,NA,NA,NA,NA,NA,NA,NA,NA,NA,NA,3
"36","b103",0,0,8,1,1,2,35,34,22,22,36,36,9,8,39,38,7,5,35,0,9,1,1,2,37,36,30,30,38,36,13,13,38,42,12,7,36,0,3
"37","b104",0,0,8,1,1,2,50,50,40,39,48,46,15,15,41,44,10,6,46,0,9,1,1,2,51,52,49,47,55,57,26,24,34,59,22,5,46,0,3
"38","b105",0,0,8,1,1,2,61,61,52,52,58,56,21,21,46,52,15,8,56,0,9,1,1,2,56,56,53,53,57,55,25,25,46,59,22,11,53,0,3
"39","b106",1,0,8,1,1,2,42,45,34,30,33,34,8,6,39,40,8,5,36,0,9,1,1,2,45,49,45,40,42,42,17,16,38,49,16,7,41,0,3
"40","b107",0,0,8,1,2,1,49,48,38,38,54,53,19,19,41,49,13,6,48,0,9,1,2,1,50,50,46,46,58,57,26,26,44,52,18,10,51,0,3
"41","b108",1,0,8,3,1,2,37,35,24,24,35,33,7,7,33,25,4,3,33,0,9,2,1,2,42,41,36,36,39,38,14,14,26,33,8,2,34,0,3
"42","b109",0,0,8,1,1,2,48,47,36,36,48,46,15,15,43,51,14,7,46,0,8,1,1,2,43,43,38,38,45,45,19,18,36,38,10,6,40,0,3
"43","b110",1,0,8,1,1,2,43,43,32,31,48,46,15,15,43,47,12,7,44,0,9,1,1,2,40,41,36,34,48,47,20,20,44,50,17,10,43,0,3
"44","b111",0,0,8,1,1,2,39,38,27,26,41,39,11,11,39,46,11,5,38,0,9,1,1,2,38,38,33,32,36,36,13,12,36,42,12,6,35,0,3
"45","b112",1,1,9,1,1,2,48,48,37,36,35,34,8,7,41,54,16,6,40,0,NA,NA,NA,NA,NA,NA,NA,NA,NA,NA,NA,NA,NA,NA,NA,NA,NA,NA,3
"46","b113",0,0,8,1,1,2,44,43,32,32,48,46,15,15,41,40,8,6,44,0,9,2,1,2,48,49,45,43,45,44,18,18,34,40,11,5,41,0,3
"47","b114",0,0,8,1,1,1,31,29,18,18,41,39,11,11,39,42,9,5,35,0,8,1,1,1,40,40,35,34,45,44,18,18,42,45,14,9,41,0,3
"48","b115",0,0,8,1,1,2,51,51,41,40,43,41,12,12,39,42,9,5,44,0,9,1,1,2,54,53,50,50,44,42,17,17,25,25,0,0,40,1,3
"49","b116",0,0,8,1,2,2,37,35,24,24,46,45,14,14,41,46,11,6,40,0,9,1,1,2,45,44,40,40,47,45,19,19,40,47,15,8,43,0,3
"50","b201",1,0,8,2,NA,NA,29,31,19,16,31,31,6,5,39,38,7,5,31,0,8,2,1,NA,43,43,38,37,41,39,15,15,34,38,10,5,38,0,3
"51","b202",0,0,8,1,1,2,31,34,23,18,38,39,11,9,41,62,21,6,35,0,8,3,1,2,53,55,52,49,44,50,22,17,36,57,21,6,44,0,3
"52","b203",0,0,8,3,1,2,37,36,25,24,46,45,14,14,48,52,15,9,43,0,9,3,2,2,45,44,40,40,55,54,24,24,44,54,19,10,48,0,3
"53","b204",0,0,8,1,1,1,38,37,26,25,46,46,15,14,39,47,12,5,40,0,9,1,1,1,50,50,47,46,47,47,20,19,40,47,15,8,45,0,3
"54","b205",0,0,8,1,2,1,36,35,24,23,54,53,19,19,41,51,14,6,43,0,9,1,1,1,55,56,53,52,57,55,25,25,44,50,17,10,52,0,3
"55","b206",0,0,8,1,1,1,42,43,32,30,56,54,20,20,48,55,17,9,48,0,9,1,1,1,58,59,57,55,58,57,26,26,42,52,18,9,53,0,3
"56","b207",1,1,NA,NA,NA,NA,NA,NA,NA,NA,NA,NA,NA,NA,NA,NA,NA,NA,NA,NA,9,3,2,1,50,51,48,46,48,50,22,20,42,49,16,9,46,0,3
"57","b208",1,0,9,3,3,1,25,25,9,8,26,25,2,2,25,25,1,1,25,0,10,3,3,1,31,30,24,24,31,31,9,8,36,31,7,6,30,0,3
"58","b209",0,0,8,1,1,1,32,32,20,19,48,46,15,15,46,52,15,8,41,0,9,2,1,3,50,51,48,46,47,47,20,19,42,52,18,9,46,0,3
"59","b210",1,0,8,1,1,1,29,32,20,16,30,31,6,4,33,47,12,3,28,0,NA,NA,NA,NA,36,36,30,29,38,38,14,13,36,42,12,6,35,0,3
"60","b211",0,0,8,1,1,1,41,42,31,29,61,59,23,23,46,51,14,8,49,0,8,1,1,1,52,51,48,48,55,54,24,24,44,52,18,10,50,0,3
"61","b212",0,0,8,3,2,1,43,43,32,31,54,54,20,19,43,49,13,7,46,0,9,3,2,1,60,60,58,57,55,55,25,24,44,52,18,10,53,0,3
"62","c101",0,0,8,2,2,1,53,52,42,42,59,58,22,22,41,47,12,6,51,0,9,2,2,1,52,53,50,48,58,59,27,26,42,50,17,9,51,0,3
"63","c102",0,0,9,3,3,1,45,47,36,33,41,43,13,11,39,66,24,5,41,0,9,3,3,1,48,50,47,44,44,44,18,17,25,25,0,0,38,1,3
"64","c103",0,0,8,1,1,1,54,53,43,43,54,56,21,19,50,54,16,10,53,0,8,1,1,1,52,51,48,48,50,49,21,21,44,55,20,10,48,0,3
"65","c104",0,0,8,1,1,1,58,58,49,48,54,53,19,19,46,54,16,8,53,0,9,1,1,1,54,54,51,51,55,55,25,24,42,52,18,9,50,0,3
"66","c105",0,0,8,1,1,1,57,56,47,47,53,51,18,18,46,51,14,8,52,0,9,1,1,1,50,50,46,46,47,45,19,19,40,47,15,8,45,0,3
"67","c106",1,0,8,2,2,1,31,32,20,18,31,34,8,5,39,49,13,5,32,0,9,3,3,1,40,43,38,34,36,41,16,12,25,25,0,0,32,1,3
"68","c107",0,1,NA,NA,NA,NA,NA,NA,NA,NA,NA,NA,NA,NA,NA,NA,NA,NA,NA,NA,9,NA,1,1,51,50,47,47,53,52,23,23,38,59,22,7,47,0,3
"69","c108",0,0,8,3,2,1,40,41,30,28,38,38,10,9,39,38,7,5,38,0,9,3,2,1,48,49,45,44,45,44,18,18,36,40,11,6,42,0,3
"70","c109",0,0,8,3,2,1,42,41,30,30,51,50,17,17,41,46,11,6,44,0,9,3,2,1,54,54,51,51,50,49,21,21,36,45,14,6,46,0,3
"71","c110",1,0,8,1,1,1,38,39,28,25,33,31,6,6,33,32,5,3,33,0,9,1,1,1,46,46,42,41,41,39,15,15,40,42,12,8,41,0,3
"72","c111",0,0,9,3,2,1,58,57,48,48,56,56,21,20,46,51,14,8,54,0,10,3,3,1,58,57,55,55,55,54,24,24,44,55,20,10,53,0,3
"73","c112",0,1,8,3,2,2,40,38,27,27,41,39,11,11,39,40,8,5,39,0,NA,NA,NA,NA,NA,NA,NA,NA,NA,NA,NA,NA,NA,NA,NA,NA,NA,NA,3
"74","c113",0,0,NA,1,1,2,53,52,42,42,56,54,20,20,46,51,14,8,52,0,9,1,1,2,48,48,44,44,62,61,28,28,46,57,21,11,52,0,3
"75","c114",0,0,8,1,1,2,53,52,42,42,46,45,14,14,43,49,13,7,47,0,9,1,1,2,51,50,47,47,53,52,23,23,42,49,16,9,48,0,3
"76","c115",0,0,8,3,2,2,57,56,47,47,53,51,18,18,39,42,9,5,50,0,9,3,2,2,61,61,59,59,47,45,19,19,42,47,15,9,50,0,3
"77","c116",0,0,8,1,1,2,44,43,32,32,48,46,15,15,46,54,16,8,45,0,8,1,1,2,49,49,45,45,58,57,26,26,42,52,18,9,50,0,3
"78","c117",0,0,9,1,1,2,44,43,32,32,38,38,10,9,39,38,7,5,39,0,9,1,1,NA,41,41,36,35,35,34,11,11,34,38,10,5,35,0,3
"79","c118",0,0,NA,1,1,2,52,51,41,41,46,45,14,14,43,47,12,7,47,0,9,1,1,2,57,57,55,54,48,49,21,20,40,52,18,8,48,0,3
"80","c119",1,1,8,1,1,2,40,38,27,27,31,34,8,5,33,44,10,3,33,0,NA,NA,NA,NA,NA,NA,NA,NA,NA,NA,NA,NA,NA,NA,NA,NA,NA,NA,3
"81","c120",1,0,8,3,NA,2,30,28,17,17,26,26,3,2,30,25,4,2,26,0,9,1,1,2,31,30,24,23,28,28,7,6,29,27,6,3,27,0,3
"82","c121",0,0,8,3,3,2,35,34,22,22,38,36,9,9,39,42,9,5,36,0,9,3,3,2,49,49,45,45,44,42,17,17,38,45,14,7,43,0,3
"83","c123",0,0,9,2,2,2,53,52,42,42,46,45,14,14,30,25,4,2,42,0,10,3,2,2,51,50,47,47,45,44,18,18,26,33,8,2,39,0,3
"84","d101",1,0,8,3,1,1,37,35,24,24,41,39,11,11,39,42,9,5,38,0,9,3,1,1,41,40,35,35,41,41,16,15,34,33,8,5,37,0,3
"85","d102",0,0,9,1,1,2,68,67,60,60,64,62,25,25,57,68,25,14,65,0,9,1,1,2,68,67,66,66,62,61,28,28,50,67,26,13,61,0,3
"86","d103",1,0,8,3,2,2,41,41,30,29,38,36,9,9,25,25,0,0,33,0,9,3,2,2,43,43,38,38,35,34,11,11,34,33,8,5,36,0,3
"87","d104",0,0,8,1,1,1,58,57,48,48,62,61,24,24,43,52,15,7,55,0,9,1,1,1,53,52,49,49,62,61,28,28,42,52,18,9,53,0,3
"88","d105",0,1,8,1,1,1,58,57,48,48,49,48,16,16,43,47,12,7,50,0,NA,NA,NA,NA,NA,NA,NA,NA,NA,NA,NA,NA,NA,NA,NA,NA,NA,NA,3
"89","d106",0,0,9,3,2,2,52,51,41,41,40,39,11,10,41,49,13,6,44,0,10,3,2,2,43,43,38,37,41,39,15,15,32,27,6,4,37,0,3
"90","d107",0,0,8,1,1,1,46,45,34,34,45,45,14,13,41,44,10,6,43,0,9,1,1,1,44,43,39,39,41,39,15,15,40,45,14,8,41,0,3
"91","d108",0,0,8,1,1,2,46,45,34,34,49,48,16,16,41,44,10,6,45,0,9,1,1,2,54,54,51,50,55,54,24,24,36,45,14,6,48,0,3
"92","d109",0,0,8,1,1,1,41,41,30,29,53,51,18,18,43,47,12,7,45,0,9,1,1,1,52,51,48,48,60,59,27,27,44,55,20,10,52,0,3
"93","d110",1,0,8,1,1,1,37,35,24,24,38,36,9,9,39,38,7,5,36,0,1,1,1,1,42,41,36,36,41,39,15,15,38,42,12,7,39,0,3
"94","d111",0,0,8,3,3,2,49,48,38,38,38,36,9,9,48,54,16,9,44,0,9,3,3,2,68,67,66,66,66,64,30,30,46,55,20,11,61,0,3
"95","d112",0,0,8,1,2,2,48,47,36,36,53,51,18,18,41,55,17,6,47,0,9,1,2,2,51,51,48,47,39,41,16,14,38,52,18,7,42,0,3
"96","d113",1,0,NA,1,1,2,40,38,27,27,31,29,5,5,41,44,10,6,36,0,9,1,1,2,41,41,36,35,38,36,13,13,36,33,8,6,37,0,3
"97","d114",0,0,9,1,1,2,72,72,65,65,65,64,26,26,56,69,26,13,66,0,9,1,1,NA,71,71,70,70,69,68,32,32,48,67,26,12,64,0,3
"98","d115",1,0,8,1,1,2,36,34,23,23,38,38,10,9,36,35,6,4,35,0,9,1,1,2,33,32,26,26,41,39,15,15,38,44,13,7,36,0,3
"99","d116",0,0,8,1,1,1,45,44,33,33,43,41,12,12,41,46,11,6,42,0,9,1,1,1,52,51,48,48,42,41,16,16,34,40,11,5,42,0,3
"100","d117",0,0,8,3,2,2,48,47,36,36,41,39,11,11,39,42,9,5,42,0,9,2,2,2,50,50,46,46,41,39,15,15,36,40,11,6,41,0,3
"101","d118",0,0,NA,1,1,2,48,48,37,36,43,43,13,12,41,46,11,6,43,0,10,2,1,2,47,46,42,42,42,41,16,16,40,50,17,8,42,0,3
"102","d201",0,1,10,3,3,2,27,26,15,14,30,29,5,4,33,35,6,3,27,0,NA,NA,NA,NA,NA,NA,NA,NA,NA,NA,NA,NA,NA,NA,NA,NA,NA,NA,3
"103","d203",0,0,8,1,1,2,49,48,38,38,43,41,12,12,41,44,10,6,44,0,9,1,1,2,48,47,43,43,42,41,16,16,36,40,11,6,41,0,3
"104","d204",0,0,8,2,1,2,57,56,47,47,58,56,21,21,46,63,22,8,54,0,9,2,1,2,61,61,59,59,50,64,30,21,42,59,22,9,51,0,3
"105","d205",0,0,8,3,2,2,55,54,44,44,53,51,18,18,41,42,9,6,50,0,8,3,2,2,52,51,48,48,45,45,19,18,38,42,12,7,44,0,3
"106","d206",0,0,8,1,1,2,48,47,36,36,40,38,10,10,39,38,7,5,41,0,9,1,1,2,46,45,41,41,45,44,18,18,38,44,13,7,42,0,3
"107","d207",0,0,8,1,1,2,46,46,35,34,41,39,11,11,39,40,8,5,41,0,9,1,1,2,53,53,50,49,41,39,15,15,36,40,11,6,42,0,3
"108","d208",0,1,NA,NA,NA,NA,NA,NA,NA,NA,NA,NA,NA,NA,NA,NA,NA,NA,NA,NA,9,1,1,2,48,48,44,44,45,47,20,18,42,50,17,9,44,0,3
"109","d210",1,0,9,1,1,2,36,36,25,23,35,36,9,7,33,32,5,3,33,0,9,1,1,2,35,36,30,28,32,34,11,9,32,33,8,4,31,0,3
"110","d211",0,0,8,1,1,2,48,47,36,36,45,43,13,13,41,47,12,6,44,0,9,1,1,2,52,51,48,48,47,45,19,19,40,52,18,8,46,0,3
"111","d212",1,0,9,2,1,NA,49,48,38,37,46,46,15,14,41,44,10,6,45,0,10,1,1,2,45,45,41,40,41,39,15,15,34,36,9,5,39,0,3
"112","d213",0,0,9,1,1,2,35,34,22,22,45,45,14,13,43,47,12,7,40,0,10,1,1,2,48,47,43,43,47,47,20,19,42,50,17,9,45,0,3
"113","d214",0,0,8,1,1,2,50,52,42,39,56,54,20,20,50,55,17,10,52,0,9,1,1,2,58,57,55,55,50,49,21,21,44,52,18,10,51,0,3
"114","d215",0,0,8,1,1,1,49,48,38,38,48,46,15,15,39,38,7,5,45,0,9,1,1,1,52,51,48,48,44,44,18,17,42,49,16,9,45,0,3
"115","d216",1,0,8,1,2,1,40,40,29,28,40,41,12,10,30,38,7,2,35,0,9,2,2,1,48,48,44,44,38,38,14,13,36,40,11,6,39,0,3
"116","d217",0,0,9,NA,2,1,42,41,30,30,54,54,20,19,46,51,14,8,47,0,9,1,2,1,42,41,36,36,48,47,20,20,42,50,17,9,43,0,3
"117","d218",1,1,8,2,2,1,46,45,34,34,40,39,11,10,41,47,12,6,41,0,NA,NA,NA,NA,NA,NA,NA,NA,NA,NA,NA,NA,NA,NA,NA,NA,NA,NA,3
"118","d219",0,0,8,1,1,1,49,48,38,38,56,54,20,20,41,47,12,6,48,0,9,1,1,1,47,46,42,42,53,52,23,23,40,45,14,8,46,0,3
"119","d220",0,0,8,2,2,1,46,45,34,34,46,45,14,14,39,42,9,5,43,0,8,2,2,1,49,49,45,45,53,52,23,23,38,45,14,7,46,0,3
"120","d301",0,0,8,1,1,1,45,45,34,33,48,46,15,15,46,51,14,8,46,0,9,1,1,1,52,51,48,48,50,49,21,21,40,50,17,8,47,0,3
"121","d302",1,0,9,3,3,2,45,47,36,33,36,34,8,8,36,35,6,4,38,0,9,3,2,NA,43,43,38,38,35,34,11,11,34,31,7,5,36,0,3
"122","d303",0,0,8,2,2,2,55,55,45,45,51,54,20,17,43,54,16,7,50,0,9,3,2,2,43,43,38,38,44,44,18,17,40,49,16,8,41,0,3
"123","d304",1,0,8,1,1,2,38,38,27,25,35,34,8,7,33,52,15,3,33,0,9,1,1,2,41,41,36,35,38,36,13,13,36,40,11,6,37,0,3
"124","d305",0,1,NA,NA,NA,NA,NA,NA,NA,NA,NA,NA,NA,NA,NA,NA,NA,NA,NA,NA,9,3,2,2,48,48,44,44,41,42,17,15,38,42,12,7,41,0,3
"125","d306",0,0,8,1,1,2,48,48,37,36,53,51,18,18,36,42,9,4,45,0,9,1,1,2,45,44,40,40,50,50,22,21,40,45,14,8,44,0,3
"126","d307",0,0,8,3,2,1,49,48,38,38,49,50,17,16,46,47,12,8,48,0,8,2,2,1,55,56,54,52,57,57,26,25,40,49,16,8,51,0,3
"127","d308",0,0,8,1,1,2,52,53,43,41,43,41,12,12,39,38,7,5,44,0,8,1,1,2,54,53,50,50,50,49,21,21,40,50,17,8,48,0,3
"128","d309",0,0,8,3,2,1,58,57,48,48,56,54,20,20,48,54,16,9,54,0,NA,NA,NA,NA,54,53,50,50,53,52,23,23,38,45,14,7,48,0,3
"129","d310",1,0,8,2,2,2,46,45,34,34,46,45,14,14,36,42,9,4,42,0,8,1,1,2,47,46,42,42,48,47,20,20,36,42,12,6,43,0,3
"130","d311",1,0,8,2,1,2,47,46,35,35,41,39,11,11,41,49,13,6,42,0,9,2,3,2,49,49,45,45,47,45,19,19,40,61,23,8,45,0,3
"131","d312",0,0,9,2,1,2,57,56,47,47,51,50,17,17,43,47,12,7,50,0,10,2,1,2,58,57,55,55,55,54,24,24,38,49,16,7,50,0,3
"132","d313",0,0,8,3,2,1,60,60,51,51,62,62,25,24,50,63,22,10,58,0,9,3,2,1,56,56,54,53,58,57,26,26,40,55,20,8,51,0,3
"133","d314",1,0,8,1,1,1,47,46,35,35,41,43,13,11,43,49,13,7,43,0,9,2,1,1,48,48,44,44,44,44,18,17,42,49,16,9,44,0,3
"134","d315",0,0,8,3,2,1,58,57,48,48,61,59,23,23,41,52,15,6,54,0,NA,NA,NA,NA,61,62,60,59,62,64,30,28,44,59,22,10,56,0,3
"135","d316",0,1,NA,NA,NA,NA,NA,NA,NA,NA,NA,NA,NA,NA,NA,NA,NA,NA,NA,NA,8,3,1,2,48,48,44,44,47,49,21,19,34,47,15,5,42,0,3
"136","d317",0,0,9,2,2,1,46,46,35,34,41,41,12,11,46,47,12,8,44,0,9,3,2,1,47,47,43,42,39,39,15,14,36,45,14,6,39,0,3
"137","d401",1,0,9,3,2,2,37,35,24,24,36,36,9,8,33,35,6,3,33,0,10,3,3,2,37,37,31,31,39,38,14,14,34,47,15,5,35,0,3
"138","d402",0,0,9,3,2,NA,46,47,36,34,45,43,13,13,39,40,8,5,42,0,10,3,2,2,46,45,41,41,45,44,18,18,42,49,16,9,44,0,3
"139","d403",0,0,8,1,1,2,46,45,34,34,46,45,14,14,48,54,16,9,46,0,8,1,1,2,48,50,46,44,58,57,26,26,46,57,21,11,51,0,3
"140","d404",0,0,8,1,1,2,55,55,45,45,56,54,20,20,43,44,10,7,51,0,8,1,1,2,49,49,45,45,44,42,17,17,40,50,17,8,44,0,3
"141","d405",0,0,8,1,1,2,63,62,54,54,64,64,26,25,46,51,14,8,59,0,9,1,1,2,58,58,56,55,62,64,30,28,50,67,26,13,57,0,3
"142","d406",0,0,8,1,1,1,40,39,28,28,54,53,19,19,43,54,16,7,45,0,9,1,1,1,52,51,48,48,57,55,25,25,42,52,18,9,50,0,3
"143","d407",0,0,8,1,2,1,48,48,37,36,46,45,14,14,39,42,9,5,44,0,9,NA,2,1,51,51,48,47,42,41,16,16,38,45,14,7,43,0,3
"144","d408",0,1,8,1,1,1,49,48,37,37,54,53,19,19,43,51,14,7,48,0,NA,NA,NA,NA,NA,NA,NA,NA,NA,NA,NA,NA,NA,NA,NA,NA,NA,NA,3
"145","d409",0,0,8,1,1,2,68,67,60,60,64,64,26,25,52,69,26,11,63,0,9,1,1,2,62,62,60,60,69,68,32,32,50,67,26,13,62,0,3
"146","d410",0,0,9,1,1,2,55,56,46,45,48,51,18,15,43,47,12,7,48,0,10,1,2,2,37,37,31,31,50,49,21,21,40,49,16,8,41,0,3
"147","d411",0,0,8,3,1,2,43,42,31,31,41,41,12,11,41,44,10,6,41,0,9,3,2,2,42,41,36,36,44,42,17,17,40,47,15,8,41,0,3
"148","d412",0,0,7,1,1,1,48,47,36,36,49,48,16,16,46,51,14,8,47,0,8,1,1,1,42,41,36,36,53,52,23,23,38,47,15,7,44,0,3
"149","d413",0,0,8,1,1,2,63,62,54,54,64,62,25,25,48,55,17,9,59,0,9,1,1,2,61,61,59,59,66,66,31,30,48,59,22,12,59,0,3
"150","d414",1,0,8,3,2,2,47,47,36,35,38,39,11,9,39,42,9,5,40,0,9,3,3,2,52,52,49,48,41,39,15,15,36,38,10,6,42,0,3
"151","d415",1,0,10,1,1,2,45,45,34,33,33,34,8,6,39,40,8,5,38,0,10,1,1,2,36,35,29,29,41,39,15,15,36,42,12,6,36,0,3
"152","d416",1,0,8,NA,1,1,38,36,25,25,31,29,5,5,36,35,6,4,33,0,9,1,1,1,38,37,32,32,41,39,15,15,34,38,10,5,36,0,3
"153","d417",0,0,8,NA,1,2,48,48,38,36,40,39,11,10,41,44,10,6,42,0,9,2,1,2,50,50,46,46,45,44,18,18,34,42,12,5,42,0,3
"154","d418",0,0,8,2,2,2,52,51,41,41,53,51,18,18,43,46,11,7,49,0,9,2,2,2,54,54,51,51,53,52,23,23,40,47,15,8,49,0,3
"155","d419",0,0,8,1,1,1,48,47,36,36,61,59,23,23,48,54,16,9,53,0,9,1,1,1,60,60,58,58,60,59,27,27,46,57,21,11,56,0,3
"156","d420",0,0,9,3,2,1,47,46,35,35,41,39,11,11,41,42,9,6,42,0,9,3,2,1,45,45,41,40,48,47,20,20,38,42,12,7,43,0,3
"157","e101",0,0,8,1,1,1,56,56,46,46,53,51,18,18,46,52,15,8,52,0,8,1,1,1,55,56,53,52,57,55,25,25,44,57,21,10,52,0,3
"158","e102",1,0,8,1,1,1,42,44,33,30,38,36,9,9,39,40,8,5,38,0,9,1,1,1,49,50,46,45,48,47,20,20,36,47,15,6,44,0,3
"159","e103",1,0,9,1,2,2,44,44,33,32,40,38,10,10,36,44,10,4,39,0,9,1,1,2,43,43,38,37,41,39,15,15,38,42,12,7,39,0,3
"160","e104",1,0,8,2,1,2,41,42,31,29,45,45,14,13,39,38,7,5,41,0,9,2,1,2,42,42,37,36,42,42,17,16,36,40,11,6,39,0,3
"161","e105",0,0,8,1,1,1,55,54,44,44,53,51,18,18,54,55,17,12,54,0,9,2,1,1,48,47,43,43,53,54,24,23,42,52,18,9,47,0,3
"162","e106",0,1,8,NA,2,2,42,42,31,30,41,39,11,11,25,25,0,0,34,1,NA,NA,NA,NA,NA,NA,NA,NA,NA,NA,NA,NA,NA,NA,NA,NA,NA,NA,3
"163","e108",0,0,8,2,1,2,57,57,48,47,58,56,21,21,48,55,17,9,55,0,9,2,2,2,59,58,56,56,60,59,27,27,46,59,22,11,56,0,3
"164","e109",0,0,8,1,1,1,42,42,31,30,49,50,17,16,41,47,12,6,43,0,9,1,1,1,48,47,43,43,50,49,21,21,40,50,17,8,45,0,3
"165","e110",1,0,9,2,2,1,29,27,16,16,26,26,3,2,25,25,2,1,25,0,10,3,1,1,30,29,22,22,25,27,6,3,26,25,3,2,25,0,3
"166","e111",0,0,8,3,2,1,48,48,38,36,46,46,15,14,46,55,17,8,46,0,9,3,2,1,51,50,47,47,47,49,21,19,38,44,13,7,45,0,3
